feature,importance
time,0.35139378414254224
serum_creatinine,0.13594886305778425
ejection_fraction,0.12165343396165576
age,0.09286758520387613
creatinine_phosphokinase,0.08259222574942915
platelets,0.08022769270825557
serum_sodium,0.07367435645374203
diabetes,0.013183489181203916
sex,0.01289035642927747
anaemia,0.012685258766212817
smoking,0.01145367627353202
high_blood_pressure,0.011429278072488619
